{
  "BTCUSDT": {
    "0.55": {
      "is": {
        "wr": 53.47578347578348,
        "pf": 2.760843637477569,
        "dd": 0.32491823357973904,
        "monthly": 37.10708652781977,
        "trades": 3510,
        "sharpe": 38.73707077312025,
        "sortino": 35.10502400591622
      },
      "oos": {
        "wr": 43.24734446130501,
        "pf": 1.387679826835797,
        "dd": 0.2551213818513358,
        "monthly": 11.732586907164805,
        "trades": 659,
        "sharpe": 32.173894951501524,
        "sortino": 22.587555081582387
      }
    },
    "0.6": {
      "is": {
        "wr": 63.49703935910832,
        "pf": 5.840589317674874,
        "dd": 0.16867189712984418,
        "monthly": 45.51178111561631,
        "trades": 2871,
        "sharpe": 43.823971658968766,
        "sortino": 55.558115550058844
      },
      "oos": {
        "wr": 55.68627450980392,
        "pf": 2.7886661944748994,
        "dd": 0.09144625024636761,
        "monthly": 14.265026704942521,
        "trades": 510,
        "sharpe": 38.99027482972201,
        "sortino": 33.76608869692922
      }
    },
    "0.65": {
      "is": {
        "wr": 75.73932092004381,
        "pf": 17.110247856469584,
        "dd": 0.07371146156991443,
        "monthly": 37.528759864982355,
        "trades": 1826,
        "sharpe": 41.944255447759545,
        "sortino": 77.00819672646216
      },
      "oos": {
        "wr": 73.13915857605178,
        "pf": 7.057849647568279,
        "dd": 0.05369201161164291,
        "monthly": 13.12897053409699,
        "trades": 309,
        "sharpe": 39.844916997660796,
        "sortino": 52.252214444161034
      }
    }
  },
  "ETHUSDT": {
    "0.55": {
      "is": {
        "wr": 61.0106230261269,
        "pf": 4.1344479618648435,
        "dd": 0.35176911730537486,
        "monthly": 78.76501492022514,
        "trades": 3483,
        "sharpe": 43.914464481712194,
        "sortino": 38.286963783764314
      },
      "oos": {
        "wr": 53.8109756097561,
        "pf": 2.152801793368104,
        "dd": 0.35951868331581843,
        "monthly": 18.334331622171792,
        "trades": 656,
        "sharpe": 34.662242968994654,
        "sortino": 25.622984052241314
      }
    },
    "0.6": {
      "is": {
        "wr": 71.79397337070777,
        "pf": 9.637405499579028,
        "dd": 0.23224987007936507,
        "monthly": 94.6585740711298,
        "trades": 2854,
        "sharpe": 48.4175536772281,
        "sortino": 54.125198831195604
      },
      "oos": {
        "wr": 67.26907630522089,
        "pf": 5.176111582485329,
        "dd": 0.12942681877091197,
        "monthly": 23.317265267406274,
        "trades": 498,
        "sharpe": 42.22295273182115,
        "sortino": 36.13010090410638
      }
    },
    "0.65": {
      "is": {
        "wr": 81.49186763881099,
        "pf": 25.68740289374353,
        "dd": 0.07665914285977243,
        "monthly": 68.67928214304285,
        "trades": 1783,
        "sharpe": 42.20615010601073,
        "sortino": 85.99500090321823
      },
      "oos": {
        "wr": 80.28169014084507,
        "pf": 15.193694405678986,
        "dd": 0.05118161424651353,
        "monthly": 19.157660551640767,
        "trades": 284,
        "sharpe": 38.27560577657203,
        "sortino": 49.40124537868023
      }
    }
  },
  "SOLUSDT": {
    "0.55": {
      "is": {
        "wr": 66.9897377423033,
        "pf": 4.705811018633453,
        "dd": 0.54720012335917,
        "monthly": 110.01928452648724,
        "trades": 3508,
        "sharpe": 47.55554741228135,
        "sortino": 36.77782242248619
      },
      "oos": {
        "wr": 59.034267912772584,
        "pf": 2.726897872936165,
        "dd": 0.31237137893656514,
        "monthly": 22.10720702232553,
        "trades": 642,
        "sharpe": 41.04437987595136,
        "sortino": 25.686157748098296
      }
    },
    "0.6": {
      "is": {
        "wr": 77.97372060857538,
        "pf": 11.717109233823171,
        "dd": 0.20309579713586717,
        "monthly": 136.73566543889956,
        "trades": 2892,
        "sharpe": 49.58796219032923,
        "sortino": 56.56510190133646
      },
      "oos": {
        "wr": 72.39263803680981,
        "pf": 6.927786064774438,
        "dd": 0.1482237355819126,
        "monthly": 26.123941174833256,
        "trades": 489,
        "sharpe": 46.565187196190074,
        "sortino": 43.33513442684204
      }
    },
    "0.65": {
      "is": {
        "wr": 87.62454116413214,
        "pf": 36.414150868593566,
        "dd": 0.07247798164532672,
        "monthly": 98.17885050312931,
        "trades": 1907,
        "sharpe": 46.8955990316034,
        "sortino": 84.31937365864049
      },
      "oos": {
        "wr": 82.00692041522491,
        "pf": 15.881927815380859,
        "dd": 0.054659344568151476,
        "monthly": 20.20957612323971,
        "trades": 289,
        "sharpe": 40.70571917102194,
        "sortino": 49.939222233774046
      }
    }
  },
  "DOGEUSDT": {
    "0.55": {
      "is": {
        "wr": 68.67891513560805,
        "pf": 5.07470957283359,
        "dd": 0.3849530720103589,
        "monthly": 114.37536932325483,
        "trades": 3429,
        "sharpe": 46.2181387430462,
        "sortino": 43.47926701119665
      },
      "oos": {
        "wr": 58.730158730158735,
        "pf": 2.18876178821418,
        "dd": 0.24133307299826073,
        "monthly": 18.765813172922645,
        "trades": 630,
        "sharpe": 37.76305116940132,
        "sortino": 19.590132654262927
      }
    },
    "0.6": {
      "is": {
        "wr": 80.34835289663006,
        "pf": 13.586034733530642,
        "dd": 0.3822162816767872,
        "monthly": 125.89204978716975,
        "trades": 2641,
        "sharpe": 48.96043082109824,
        "sortino": 43.643316817145454
      },
      "oos": {
        "wr": 69.97635933806147,
        "pf": 5.272945537757945,
        "dd": 0.19451595955947515,
        "monthly": 20.298199381486135,
        "trades": 423,
        "sharpe": 42.37339885186432,
        "sortino": 38.585761717703306
      }
    },
    "0.65": {
      "is": {
        "wr": 87.8405315614618,
        "pf": 33.77146240648022,
        "dd": 0.19658192654060952,
        "monthly": 75.2438393523189,
        "trades": 1505,
        "sharpe": 41.25380886244647,
        "sortino": 40.70164826974311
      },
      "oos": {
        "wr": 86.06965174129353,
        "pf": 18.059445140795145,
        "dd": 0.06392130199274612,
        "monthly": 14.166260593398528,
        "trades": 201,
        "sharpe": 37.004762572906145,
        "sortino": 27.4477487662569
      }
    }
  },
  "1000PEPEUSDT": {
    "0.55": {
      "is": {
        "wr": 73.65097588978186,
        "pf": 6.515406113267897,
        "dd": 0.7771527114716366,
        "monthly": 236.49017403564025,
        "trades": 3484,
        "sharpe": 50.58374575477324,
        "sortino": 47.337146741481114
      },
      "oos": {
        "wr": 65.69678407350689,
        "pf": 3.65902800959134,
        "dd": 0.2732407149566322,
        "monthly": 38.23368845600726,
        "trades": 653,
        "sharpe": 43.72066015167706,
        "sortino": 37.675794539776334
      }
    },
    "0.6": {
      "is": {
        "wr": 82.259767687434,
        "pf": 17.456775483328617,
        "dd": 0.20568287213029693,
        "monthly": 272.63900678515046,
        "trades": 2841,
        "sharpe": 53.50835414754461,
        "sortino": 70.51208155680727
      },
      "oos": {
        "wr": 78.60000000000001,
        "pf": 9.131313825337287,
        "dd": 0.2604392946439584,
        "monthly": 45.347061952919866,
        "trades": 500,
        "sharpe": 48.85721566455438,
        "sortino": 33.63055922310925
      }
    },
    "0.65": {
      "is": {
        "wr": 89.57189901207464,
        "pf": 35.792901861300216,
        "dd": 0.2014314843003385,
        "monthly": 155.0186544971806,
        "trades": 1822,
        "sharpe": 45.66860285140883,
        "sortino": 52.48515657574688
      },